{
  "name": "tpblight",
  "title": "TPB Light",
  "palette": {
    "bodyTxt": "#000000",
    "bodyBg": "#e8e8e8",
    "compClr": "#9e6943",
    "compShadow1": "rgba(0,0,0,0.16)",
    "compShadow2": "rgba(0,0,0,0.08)",
    "txtFocusBg": "#ffffff",
    "txtFocustxt": "#000000",
    "txtFocusPH": "#354c5a",
    "btnTxtClr": "#000000",
    "btnTxtHover": "#fff",
    "btnBgHover": "#b97f55",
    "btnFocusGlow": "rgba(132, 57, 4, 0.39)",
    "btnActive": "#865838",
    "btnTxtDisable": "#b4bfc3",
    "btnBgDisable": "#4e4e4e",
    "btnBorderDisable": "#17a2b8",
    "chkChecked": "#9e6943",
    "chkUnchecked": "#9e6943",
    "tblHeadBottomBorder": "#000000",
    "tblHeadHover": "#b97f55",
    "tblCellBorder": "#ffffff",
    "tblActiveRow": "#d2b9a6",
    "tblActiveRowHover": "#b97f55",
    "scrollBg": "#b9a495",
    "scrollBorder": "#252525",
    "scrollThumb": "#9e6943",
    "mnuBtnBg": "rgba(0, 0, 0, 0)",
    "mnuBg": "#b97f55",
    "mnuTxt": "#e8e8e8",
    "mnuItemHover": "rgba(0,0,0,.04)",
    "mnuGrade1": "rgba(255,0,0,0)",
    "mnuGrade2": "#9e6943",
    "mnuGlow": "rgba(0,0,0,.175)",
    "modalGlow": "rgba(0,0,0,.5)",
    "overlay": "rgba(0,0,0,0.6)",
    "olEffect": "blur(2px)",
    "olTxt": "#e8e8e8"
  }
}
