{
  "name": "carbondark",
  "title": "Carbon Dark",
  "palette": {
    "bodyTxt": "#b4bfc3",
    "bodyBg": "#1b1b1b",
    "compClr": "#333333",
    "compShadow1": "rgba(0,0,0,0.16)",
    "compShadow2": "rgba(0,0,0,0.08)",
    "txtFocusBg": "#171717",
    "txtFocustxt": "#b4bfc3",
    "txtFocusPH": "#9c5511",
    "btnTxtClr": "#b4bfc3",
    "btnTxtHover": "#fff",
    "btnBgHover": "#9c5511",
    "btnFocusGlow": "rgba(227, 124, 26, 0.12)",
    "btnActive": "#633408",
    "btnTxtDisable": "#b4bfc3",
    "btnBgDisable": "#420e0e",
    "btnBorderDisable": "#420e0e",
    "chkChecked": "#edeff0",
    "chkUnchecked": "rgba(177, 188, 192, 0.47)",
    "tblHeadBottomBorder": "#b4bfc3",
    "tblHeadHover": "rgba(255, 255, 255, 0.08)",
    "tblCellBorder": "#252525",
    "tblActiveRow": "#292929",
    "tblActiveRowHover": "#1e1e1e",
    "scrollBg": "#333333",
    "scrollBorder": "#252525",
    "scrollThumb": "#252525",
    "mnuBtnBg": "rgba(0, 0, 0, 0)",
    "mnuBg": "#edeff0",
    "mnuTxt": "#1e1e1e",
    "mnuItemHover": "rgba(0, 0, 0, 0.1)",
    "mnuGrade1": "rgba(255,0,0,0)",
    "mnuGrade2": "rgba(0, 0, 0, 0)",
    "mnuGlow": "rgba(0,0,0,.175)",
    "modalGlow": "rgba(0,0,0,.5)",
    "overlay": "rgba(0,0,0,0.6)",
    "olEffect": "blur(2px)",
    "olTxt": "#b4bfc3"
  }
}
