{
  "name": "katdark",
  "title": "KAT Dark",
  "palette": {
    "bodyTxt": "#ffdd7d",
    "bodyBg": "#594c2d",
    "compClr": "#252525",
    "compShadow1": "rgba(0,0,0,0.16)",
    "compShadow2": "rgba(0,0,0,0.08)",
    "txtFocusBg": "#ffdd7d",
    "txtFocustxt": "#252525",
    "txtFocusPH": "#354c5a",
    "btnTxtClr": "#ffdd7d",
    "btnTxtHover": "#252525",
    "btnBgHover": "#ffdd7d",
    "btnFocusGlow": "rgba(255, 221, 125, 0.41)",
    "btnActive": "#c1a556",
    "btnTxtDisable": "#ffffff",
    "btnBgDisable": "#4e4e4e",
    "btnBorderDisable": "#17a2b8",
    "chkChecked": "#ffdd7d",
    "chkUnchecked": "#ffdd7d",
    "tblHeadBottomBorder": "#ffdd7d",
    "tblHeadHover": "rgba(255, 255, 255, 0.01)",
    "tblCellBorder": "#594c2d",
    "tblActiveRow": "#332d1f",
    "tblActiveRowHover": "#403723",
    "scrollBg": "#252525",
    "scrollBorder": "#252525",
    "scrollThumb": "#8c7a48",
    "mnuBtnBg": "rgba(0, 0, 0, 0)",
    "mnuBg": "#ffdd7d",
    "mnuTxt": "#252525",
    "mnuItemHover": "rgba(0,0,0,.04)",
    "mnuGrade1": "rgba(255,0,0,0)",
    "mnuGrade2": "#252525",
    "mnuGlow": "rgba(0,0,0,.175)",
    "modalGlow": "rgba(0,0,0,.5)",
    "overlay": "rgba(0,0,0,0.6)",
    "olEffect": "blur(2px)",
    "olTxt": "#ffdd7d"
  }
}
